<?xml version="1.0" encoding="UTF-8"?>
<prerequisitis>
    <prerequisiti>rome_in_the_neorealism</prerequisiti>
    <prerequisiti>rossellini</prerequisiti>
    <prerequisiti>war</prerequisiti>
    <prerequisiti>roma_citta_aperta</prerequisiti>
    <prerequisiti>paisa</prerequisiti>
    <prerequisiti>sciuscia</prerequisiti>
    <prerequisiti>thematics</prerequisiti>
    <prerequisiti>neorealism_growth</prerequisiti>
    <prerequisiti>de_sica</prerequisiti>
    <prerequisiti>children</prerequisiti>
    <prerequisiti>movie_children</prerequisiti>
    <prerequisiti>neorealism_origin</prerequisiti>
</prerequisitis>