<?xml version="1.0" encoding="UTF-8"?>
<metadatos>
    <metadato>
        <metadato_cors_identif>3</metadato_cors_identif>
        <metadato_cors_nom>no cors_nom</metadato_cors_nom>
        <metadato_cors_sect_identif>1</metadato_cors_sect_identif>
        <metadato_cors_sect_nom>no cors_sect_nom</metadato_cors_sect_nom>
        <metadato_prerequisiti_rome_in_the_neorealism>no prerequisiti_rome_in_the_neorealism</metadato_prerequisiti_rome_in_the_neorealism>
        <metadato_prerequisiti_rossellini>rossellini</metadato_prerequisiti_rossellini>
        <metadato_prerequisiti_roma_citta_aperta>roma_citta_aperta</metadato_prerequisiti_roma_citta_aperta>
        <metadato_conosc_acquisite>no conosc_acquisite</metadato_conosc_acquisite>
        <metadato_learning_style_1>1</metadato_learning_style_1>
        <metadato_learning_style_2>1</metadato_learning_style_2>
        <metadato_learning_style_3>2</metadato_learning_style_3>
        <metadato_learning_style_4>1</metadato_learning_style_4>
        <metadato_tem_conc>1</metadato_tem_conc>
    </metadato>
</metadatos>
