<?xml version="1.0" encoding="UTF-8"?>
<metadatos>
<metadato>
<metadato_cors_identif>3</metadato_cors_identif>
<metadato_cors_nom>Cinema neorealista italiano</metadato_cors_nom>
<metadato_cors_sect_identif>1</metadato_cors_sect_identif>
<metadato_cors_sect_nom>Argomento 1</metadato_cors_sect_nom>
<metadato_prerequisiti>Array</metadato_prerequisiti>
<metadato_conosc_acquisite>nessuna_scelta</metadato_conosc_acquisite>
<metadato_name>settimodat</metadato_name>
<metadato_learning_style_1>0</metadato_learning_style_1>
<metadato_learning_style_2>0</metadato_learning_style_2>
<metadato_learning_style_3>0</metadato_learning_style_3>
<metadato_learning_style_4>0</metadato_learning_style_4>
<metadato_tem_conc>1</metadato_tem_conc>
</metadato>
</metadatos>
