<?xml version="1.0" encoding="UTF-8"?>
<metadatos>
<metadato>
<metadato_cors_identif>3</metadato_cors_identif>
<metadato_cors_nom>Cinema neorealista italiano</metadato_cors_nom>
<metadato_cors_sect_identif>1</metadato_cors_sect_identif>
<metadato_cors_sect_nom>Argomento 1</metadato_cors_sect_nom>
<metadato_prerequisiti>rossellini,sciuscia,meta2</metadato_prerequisiti>
<metadato_conosc_acquisite>meta4</metadato_conosc_acquisite>
<metadato_name>paisa</metadato_name>
<metadato_learning_style_1>1</metadato_learning_style_1>
<metadato_learning_style_2>1</metadato_learning_style_2>
<metadato_learning_style_3>2</metadato_learning_style_3>
<metadato_learning_style_4>1</metadato_learning_style_4>
<metadato_tem_conc>1</metadato_tem_conc>
</metadato>
<metadato>
<metadato_cors_identif>3</metadato_cors_identif>
<metadato_cors_nom>Cinema neorealista italiano</metadato_cors_nom>
<metadato_cors_sect_identif>1</metadato_cors_sect_identif>
<metadato_cors_sect_nom>Argomento 1</metadato_cors_sect_nom>
<metadato_prerequisiti>rossellini</metadato_prerequisiti>
<metadato_conosc_acquisite>meta2</metadato_conosc_acquisite>
<metadato_name>Array</metadato_name>
<metadato_learning_style_1>1</metadato_learning_style_1>
<metadato_learning_style_2>1</metadato_learning_style_2>
<metadato_learning_style_3>2</metadato_learning_style_3>
<metadato_learning_style_4>1</metadato_learning_style_4>
<metadato_tem_conc>1</metadato_tem_conc>
</metadato>
<metadato>
<metadato_cors_identif>3</metadato_cors_identif>
<metadato_cors_nom>Cinema neorealista italiano</metadato_cors_nom>
<metadato_cors_sect_identif>1</metadato_cors_sect_identif>
<metadato_cors_sect_nom>Argomento 1</metadato_cors_sect_nom>
<metadato_prerequisiti>paisa,sciuscia</metadato_prerequisiti>
<metadato_conosc_acquisite>rossellini</metadato_conosc_acquisite>
<metadato_name>Array</metadato_name>
<metadato_learning_style_1>1</metadato_learning_style_1>
<metadato_learning_style_2>1</metadato_learning_style_2>
<metadato_learning_style_3>2</metadato_learning_style_3>
<metadato_learning_style_4>1</metadato_learning_style_4>
<metadato_tem_conc>1</metadato_tem_conc>
</metadato>
<metadato>
<metadato_cors_identif>3</metadato_cors_identif>
<metadato_cors_nom>Cinema neorealista italiano</metadato_cors_nom>
<metadato_cors_sect_identif>1</metadato_cors_sect_identif>
<metadato_cors_sect_nom>Argomento 1</metadato_cors_sect_nom>
<metadato_prerequisiti>paisa,rossellini,sciuscia</metadato_prerequisiti>
<metadato_conosc_acquisite>thematics</metadato_conosc_acquisite>
<metadato_name>Array</metadato_name>
<metadato_learning_style_1>1</metadato_learning_style_1>
<metadato_learning_style_2>1</metadato_learning_style_2>
<metadato_learning_style_3>2</metadato_learning_style_3>
<metadato_learning_style_4>0</metadato_learning_style_4>
<metadato_tem_conc>1</metadato_tem_conc>
</metadato>
<metadato>
<metadato_cors_identif>3</metadato_cors_identif>
<metadato_cors_nom>Cinema neorealista italiano</metadato_cors_nom>
<metadato_cors_sect_identif>1</metadato_cors_sect_identif>
<metadato_cors_sect_nom>Argomento 1</metadato_cors_sect_nom>
<metadato_prerequisiti>nessuna scelta</metadato_prerequisiti>
<metadato_conosc_acquisite>nessuna scelta</metadato_conosc_acquisite>
<metadato_name>meta9</metadato_name>
<metadato_learning_style_1>1</metadato_learning_style_1>
<metadato_learning_style_2>1</metadato_learning_style_2>
<metadato_learning_style_3>2</metadato_learning_style_3>
<metadato_learning_style_4>1</metadato_learning_style_4>
<metadato_tem_conc>1</metadato_tem_conc>
</metadato>
<metadato>
<metadato_cors_identif>3</metadato_cors_identif>
<metadato_cors_nom>Cinema neorealista italiano</metadato_cors_nom>
<metadato_cors_sect_identif>1</metadato_cors_sect_identif>
<metadato_cors_sect_nom>Argomento 1</metadato_cors_sect_nom>
<metadato_prerequisiti>meta9,paisa,rossellini,sciuscia,thematics</metadato_prerequisiti>
<metadato_conosc_acquisite>paisa</metadato_conosc_acquisite>
<metadato_name></metadato_name>
<metadato_learning_style_1>1</metadato_learning_style_1>
<metadato_learning_style_2>1</metadato_learning_style_2>
<metadato_learning_style_3>2</metadato_learning_style_3>
<metadato_learning_style_4>1</metadato_learning_style_4>
<metadato_tem_conc>1</metadato_tem_conc>
</metadato>
</metadatos>
