<?xml version="1.0" encoding="UTF-8"?>
<metadatos>
<metadato>
<metadato_cors_identif>3</metadato_cors_identif>
<metadato_cors_nom>Cinema neorealista italiano</metadato_cors_nom>
<metadato_cors_sect_identif>1</metadato_cors_sect_identif>
<metadato_cors_sect_nom>Argomento 1</metadato_cors_sect_nom>
<metadato_prerequisiti>rossellini,sciuscia,meta2</metadato_prerequisiti>
<metadato_conosc_acquisite>meta4</metadato_conosc_acquisite>
<metadato_name>paisa</metadato_name>
<metadato_learning_style_1>1</metadato_learning_style_1>
<metadato_learning_style_2>1</metadato_learning_style_2>
<metadato_learning_style_3>2</metadato_learning_style_3>
<metadato_learning_style_4>1</metadato_learning_style_4>
<metadato_tem_conc>1</metadato_tem_conc>
</metadato>
<metadato>
<metadato_cors_identif>3</metadato_cors_identif>
<metadato_cors_nom>Cinema neorealista italiano</metadato_cors_nom>
<metadato_cors_sect_identif>1</metadato_cors_sect_identif>
<metadato_cors_sect_nom>Argomento 1</metadato_cors_sect_nom>
<metadato_prerequisiti>rossellini</metadato_prerequisiti>
<metadato_conosc_acquisite>meta2</metadato_conosc_acquisite>
<metadato_name>Array</metadato_name>
<metadato_learning_style_1>1</metadato_learning_style_1>
<metadato_learning_style_2>1</metadato_learning_style_2>
<metadato_learning_style_3>2</metadato_learning_style_3>
<metadato_learning_style_4>1</metadato_learning_style_4>
<metadato_tem_conc>1</metadato_tem_conc>
</metadato>
<metadato>
<metadato_cors_identif>3</metadato_cors_identif>
<metadato_cors_nom>Cinema neorealista italiano</metadato_cors_nom>
<metadato_cors_sect_identif>1</metadato_cors_sect_identif>
<metadato_cors_sect_nom>Argomento 1</metadato_cors_sect_nom>
<metadato_prerequisiti>paisa,sciuscia</metadato_prerequisiti>
<metadato_conosc_acquisite>rossellini</metadato_conosc_acquisite>
<metadato_name>Array</metadato_name>
<metadato_learning_style_1>1</metadato_learning_style_1>
<metadato_learning_style_2>1</metadato_learning_style_2>
<metadato_learning_style_3>2</metadato_learning_style_3>
<metadato_learning_style_4>1</metadato_learning_style_4>
<metadato_tem_conc>1</metadato_tem_conc>
</metadato>
<metadato>
<metadato_cors_identif>3</metadato_cors_identif>
<metadato_cors_nom>Cinema neorealista italiano</metadato_cors_nom>
<metadato_cors_sect_identif>1</metadato_cors_sect_identif>
<metadato_cors_sect_nom>Argomento 1</metadato_cors_sect_nom>
<metadato_prerequisiti>paisa,rossellini,sciuscia</metadato_prerequisiti>
<metadato_conosc_acquisite>thematics</metadato_conosc_acquisite>
<metadato_name>Array</metadato_name>
<metadato_learning_style_1>1</metadato_learning_style_1>
<metadato_learning_style_2>1</metadato_learning_style_2>
<metadato_learning_style_3>2</metadato_learning_style_3>
<metadato_learning_style_4>0</metadato_learning_style_4>
<metadato_tem_conc>1</metadato_tem_conc>
</metadato>
<metadato>
<metadato_cors_identif>3</metadato_cors_identif>
<metadato_cors_nom>Cinema neorealista italiano</metadato_cors_nom>
<metadato_cors_sect_identif>1</metadato_cors_sect_identif>
<metadato_cors_sect_nom>Argomento 1</metadato_cors_sect_nom>
<metadato_prerequisiti>nessuna scelta</metadato_prerequisiti>
<metadato_conosc_acquisite>nessuna scelta</metadato_conosc_acquisite>
<metadato_name>meta9</metadato_name>
<metadato_learning_style_1>1</metadato_learning_style_1>
<metadato_learning_style_2>1</metadato_learning_style_2>
<metadato_learning_style_3>2</metadato_learning_style_3>
<metadato_learning_style_4>1</metadato_learning_style_4>
<metadato_tem_conc>1</metadato_tem_conc>
</metadato>
<metadato>
<metadato_cors_identif>3</metadato_cors_identif>
<metadato_cors_nom>Cinema neorealista italiano</metadato_cors_nom>
<metadato_cors_sect_identif>1</metadato_cors_sect_identif>
<metadato_cors_sect_nom>Argomento 1</metadato_cors_sect_nom>
<metadato_prerequisiti>meta9,paisa,rossellini,sciuscia,thematics</metadato_prerequisiti>
<metadato_conosc_acquisite>paisa</metadato_conosc_acquisite>
<metadato_name>Array</metadato_name>
<metadato_learning_style_1>1</metadato_learning_style_1>
<metadato_learning_style_2>1</metadato_learning_style_2>
<metadato_learning_style_3>2</metadato_learning_style_3>
<metadato_learning_style_4>1</metadato_learning_style_4>
<metadato_tem_conc>1</metadato_tem_conc>
</metadato>
<metadato>
<metadato_cors_identif>3</metadato_cors_identif>
<metadato_cors_nom>Cinema neorealista italiano</metadato_cors_nom>
<metadato_cors_sect_identif>1</metadato_cors_sect_identif>
<metadato_cors_sect_nom>Argomento 1</metadato_cors_sect_nom>
<metadato_prerequisiti>meta9,rossellini,thematics</metadato_prerequisiti>
<metadato_conosc_acquisite>nessuna scelta</metadato_conosc_acquisite>
<metadato_name>metadato</metadato_name>
<metadato_learning_style_1>1</metadato_learning_style_1>
<metadato_learning_style_2>1</metadato_learning_style_2>
<metadato_learning_style_3>2</metadato_learning_style_3>
<metadato_learning_style_4>1</metadato_learning_style_4>
<metadato_tem_conc>1</metadato_tem_conc>
</metadato>
<metadato>
<metadato_cors_identif>3</metadato_cors_identif>
<metadato_cors_nom>Cinema neorealista italiano</metadato_cors_nom>
<metadato_cors_sect_identif>1</metadato_cors_sect_identif>
<metadato_cors_sect_nom>Argomento 1</metadato_cors_sect_nom>
<metadato_prerequisiti>nessuna scelta</metadato_prerequisiti>
<metadato_conosc_acquisite>nessuna scelta</metadato_conosc_acquisite>
<metadato_name>meta11</metadato_name>
<metadato_learning_style_1>1</metadato_learning_style_1>
<metadato_learning_style_2>1</metadato_learning_style_2>
<metadato_learning_style_3>2</metadato_learning_style_3>
<metadato_learning_style_4>1</metadato_learning_style_4>
<metadato_tem_conc>1</metadato_tem_conc>
</metadato>
<metadato>
<metadato_cors_identif>3</metadato_cors_identif>
<metadato_cors_nom>Cinema neorealista italiano</metadato_cors_nom>
<metadato_cors_sect_identif>1</metadato_cors_sect_identif>
<metadato_cors_sect_nom>Argomento 1</metadato_cors_sect_nom>
<metadato_prerequisiti>rossellini</metadato_prerequisiti>
<metadato_conosc_acquisite>metadato</metadato_conosc_acquisite>
<metadato_name>Array</metadato_name>
<metadato_learning_style_1>1</metadato_learning_style_1>
<metadato_learning_style_2>1</metadato_learning_style_2>
<metadato_learning_style_3>2</metadato_learning_style_3>
<metadato_learning_style_4>1</metadato_learning_style_4>
<metadato_tem_conc>2</metadato_tem_conc>
</metadato>
<metadato>
<metadato_cors_identif>3</metadato_cors_identif>
<metadato_cors_nom>Cinema neorealista italiano</metadato_cors_nom>
<metadato_cors_sect_identif>1</metadato_cors_sect_identif>
<metadato_cors_sect_nom>Argomento 1</metadato_cors_sect_nom>
<metadato_prerequisiti>nessuna scelta</metadato_prerequisiti>
<metadato_conosc_acquisite>nessuna scelta</metadato_conosc_acquisite>
<metadato_name>meta12</metadato_name>
<metadato_learning_style_1>1</metadato_learning_style_1>
<metadato_learning_style_2>1</metadato_learning_style_2>
<metadato_learning_style_3>2</metadato_learning_style_3>
<metadato_learning_style_4>1</metadato_learning_style_4>
<metadato_tem_conc>1</metadato_tem_conc>
</metadato>
<metadato>
<metadato_cors_identif>3</metadato_cors_identif>
<metadato_cors_nom>Cinema neorealista italiano</metadato_cors_nom>
<metadato_cors_sect_identif>1</metadato_cors_sect_identif>
<metadato_cors_sect_nom>Argomento 1</metadato_cors_sect_nom>
<metadato_prerequisiti>nessun metadato presente</metadato_prerequisiti>
<metadato_conosc_acquisite>nessuna scelta</metadato_conosc_acquisite>
<metadato_name>sciuscia</metadato_name>
<metadato_learning_style_1>0</metadato_learning_style_1>
<metadato_learning_style_2>0</metadato_learning_style_2>
<metadato_learning_style_3>0</metadato_learning_style_3>
<metadato_learning_style_4>0</metadato_learning_style_4>
<metadato_tem_conc>1</metadato_tem_conc>
</metadato>
<metadato>
<metadato_cors_identif>3</metadato_cors_identif>
<metadato_cors_nom>Cinema neorealista italiano</metadato_cors_nom>
<metadato_cors_sect_identif>1</metadato_cors_sect_identif>
<metadato_cors_sect_nom>Argomento 1</metadato_cors_sect_nom>
<metadato_prerequisiti>nessuna scelta</metadato_prerequisiti>
<metadato_conosc_acquisite>nessuna scelta</metadato_conosc_acquisite>
<metadato_name>meta9</metadato_name>
<metadato_learning_style_1>1</metadato_learning_style_1>
<metadato_learning_style_2>1</metadato_learning_style_2>
<metadato_learning_style_3>2</metadato_learning_style_3>
<metadato_learning_style_4>1</metadato_learning_style_4>
<metadato_tem_conc>1</metadato_tem_conc>
</metadato>
<metadato>
<metadato_cors_identif>3</metadato_cors_identif>
<metadato_cors_nom>Cinema neorealista italiano</metadato_cors_nom>
<metadato_cors_sect_identif>1</metadato_cors_sect_identif>
<metadato_cors_sect_nom>Argomento 1</metadato_cors_sect_nom>
<metadato_prerequisiti>nessuna scelta</metadato_prerequisiti>
<metadato_conosc_acquisite>nessuna scelta</metadato_conosc_acquisite>
<metadato_name>met1</metadato_name>
<metadato_learning_style_1>1</metadato_learning_style_1>
<metadato_learning_style_2>1</metadato_learning_style_2>
<metadato_learning_style_3>2</metadato_learning_style_3>
<metadato_learning_style_4>1</metadato_learning_style_4>
<metadato_tem_conc>1</metadato_tem_conc>
</metadato>
<metadato>
<metadato_cors_identif>3</metadato_cors_identif>
<metadato_cors_nom>Cinema neorealista italiano</metadato_cors_nom>
<metadato_cors_sect_identif>1</metadato_cors_sect_identif>
<metadato_cors_sect_nom>Argomento 1</metadato_cors_sect_nom>
<metadato_prerequisiti>nessuna scelta</metadato_prerequisiti>
<metadato_conosc_acquisite>nessuna scelta</metadato_conosc_acquisite>
<metadato_name>meta2</metadato_name>
<metadato_learning_style_1>1</metadato_learning_style_1>
<metadato_learning_style_2>1</metadato_learning_style_2>
<metadato_learning_style_3>2</metadato_learning_style_3>
<metadato_learning_style_4>1</metadato_learning_style_4>
<metadato_tem_conc>1</metadato_tem_conc>
</metadato>
<metadato>
<metadato_cors_identif>3</metadato_cors_identif>
<metadato_cors_nom>Cinema neorealista italiano</metadato_cors_nom>
<metadato_cors_sect_identif>1</metadato_cors_sect_identif>
<metadato_cors_sect_nom>Argomento 1</metadato_cors_sect_nom>
<metadato_prerequisiti>meta2,sciuscia</metadato_prerequisiti>
<metadato_conosc_acquisite>nessuna scelta</metadato_conosc_acquisite>
<metadato_name>sestometa</metadato_name>
<metadato_learning_style_1>1</metadato_learning_style_1>
<metadato_learning_style_2>1</metadato_learning_style_2>
<metadato_learning_style_3>2</metadato_learning_style_3>
<metadato_learning_style_4>1</metadato_learning_style_4>
<metadato_tem_conc>1</metadato_tem_conc>
</metadato>
<metadato>
<metadato_cors_identif>3</metadato_cors_identif>
<metadato_cors_nom>Cinema neorealista italiano</metadato_cors_nom>
<metadato_cors_sect_identif>1</metadato_cors_sect_identif>
<metadato_cors_sect_nom>Argomento 1</metadato_cors_sect_nom>
<metadato_prerequisiti>nessuna scelta</metadato_prerequisiti>
<metadato_conosc_acquisite>nessuna scelta</metadato_conosc_acquisite>
<metadato_name>meta10</metadato_name>
<metadato_learning_style_1>1</metadato_learning_style_1>
<metadato_learning_style_2>1</metadato_learning_style_2>
<metadato_learning_style_3>2</metadato_learning_style_3>
<metadato_learning_style_4>1</metadato_learning_style_4>
<metadato_tem_conc>1</metadato_tem_conc>
</metadato>
<metadato>
<metadato_cors_identif>3</metadato_cors_identif>
<metadato_cors_nom>Cinema neorealista italiano</metadato_cors_nom>
<metadato_cors_sect_identif>1</metadato_cors_sect_identif>
<metadato_cors_sect_nom>Argomento 1</metadato_cors_sect_nom>
<metadato_prerequisiti>nessuna scelta</metadato_prerequisiti>
<metadato_conosc_acquisite>nessuna scelta</metadato_conosc_acquisite>
<metadato_name>meta11</metadato_name>
<metadato_learning_style_1>0</metadato_learning_style_1>
<metadato_learning_style_2>0</metadato_learning_style_2>
<metadato_learning_style_3>0</metadato_learning_style_3>
<metadato_learning_style_4>0</metadato_learning_style_4>
<metadato_tem_conc>1</metadato_tem_conc>
</metadato>
<metadato>
<metadato_cors_identif>3</metadato_cors_identif>
<metadato_cors_nom>Cinema neorealista italiano</metadato_cors_nom>
<metadato_cors_sect_identif>1</metadato_cors_sect_identif>
<metadato_cors_sect_nom>Argomento 1</metadato_cors_sect_nom>
<metadato_prerequisiti>nessuna scelta</metadato_prerequisiti>
<metadato_conosc_acquisite>nessuna scelta</metadato_conosc_acquisite>
<metadato_name>met12</metadato_name>
<metadato_learning_style_1>1</metadato_learning_style_1>
<metadato_learning_style_2>1</metadato_learning_style_2>
<metadato_learning_style_3>2</metadato_learning_style_3>
<metadato_learning_style_4>1</metadato_learning_style_4>
<metadato_tem_conc>1</metadato_tem_conc>
</metadato>
<metadato>
<metadato_cors_identif>3</metadato_cors_identif>
<metadato_cors_nom>Cinema neorealista italiano</metadato_cors_nom>
<metadato_cors_sect_identif>1</metadato_cors_sect_identif>
<metadato_cors_sect_nom>Argomento 1</metadato_cors_sect_nom>
<metadato_prerequisiti>nessuna scelta</metadato_prerequisiti>
<metadato_conosc_acquisite>nessuna scelta</metadato_conosc_acquisite>
<metadato_name>met13</metadato_name>
<metadato_learning_style_1>1</metadato_learning_style_1>
<metadato_learning_style_2>1</metadato_learning_style_2>
<metadato_learning_style_3>1</metadato_learning_style_3>
<metadato_learning_style_4>1</metadato_learning_style_4>
<metadato_tem_conc>1</metadato_tem_conc>
</metadato>
<metadato>
<metadato_cors_identif>3</metadato_cors_identif>
<metadato_cors_nom>Cinema neorealista italiano</metadato_cors_nom>
<metadato_cors_sect_identif>1</metadato_cors_sect_identif>
<metadato_cors_sect_nom>Argomento 1</metadato_cors_sect_nom>
<metadato_prerequisiti>met1</metadato_prerequisiti>
<metadato_conosc_acquisite>nessuna scelta</metadato_conosc_acquisite>
<metadato_name>met14</metadato_name>
<metadato_learning_style_1>1</metadato_learning_style_1>
<metadato_learning_style_2>1</metadato_learning_style_2>
<metadato_learning_style_3>2</metadato_learning_style_3>
<metadato_learning_style_4>1</metadato_learning_style_4>
<metadato_tem_conc>1</metadato_tem_conc>
</metadato>
<metadato>
<metadato_cors_identif>3</metadato_cors_identif>
<metadato_cors_nom>Cinema neorealista italiano</metadato_cors_nom>
<metadato_cors_sect_identif>1</metadato_cors_sect_identif>
<metadato_cors_sect_nom>Argomento 1</metadato_cors_sect_nom>
<metadato_prerequisiti>met1</metadato_prerequisiti>
<metadato_conosc_acquisite>nessuna scelta</metadato_conosc_acquisite>
<metadato_name>met15</metadato_name>
<metadato_learning_style_1>1</metadato_learning_style_1>
<metadato_learning_style_2>1</metadato_learning_style_2>
<metadato_learning_style_3>2</metadato_learning_style_3>
<metadato_learning_style_4>1</metadato_learning_style_4>
<metadato_tem_conc>1</metadato_tem_conc>
</metadato>
<metadato>
<metadato_cors_identif>3</metadato_cors_identif>
<metadato_cors_nom>Cinema neorealista italiano</metadato_cors_nom>
<metadato_cors_sect_identif>1</metadato_cors_sect_identif>
<metadato_cors_sect_nom>Argomento 1</metadato_cors_sect_nom>
<metadato_prerequisiti>met1</metadato_prerequisiti>
<metadato_conosc_acquisite>nessuna scelta</metadato_conosc_acquisite>
<metadato_name>met16</metadato_name>
<metadato_learning_style_1>1</metadato_learning_style_1>
<metadato_learning_style_2>1</metadato_learning_style_2>
<metadato_learning_style_3>2</metadato_learning_style_3>
<metadato_learning_style_4>1</metadato_learning_style_4>
<metadato_tem_conc>1</metadato_tem_conc>
</metadato>
<metadato>
<metadato_cors_identif>3</metadato_cors_identif>
<metadato_cors_nom>Cinema neorealista italiano</metadato_cors_nom>
<metadato_cors_sect_identif>1</metadato_cors_sect_identif>
<metadato_cors_sect_nom>Argomento 1</metadato_cors_sect_nom>
<metadato_prerequisiti>met1</metadato_prerequisiti>
<metadato_conosc_acquisite>nessuna scelta</metadato_conosc_acquisite>
<metadato_name>meta17</metadato_name>
<metadato_learning_style_1>1</metadato_learning_style_1>
<metadato_learning_style_2>1</metadato_learning_style_2>
<metadato_learning_style_3>2</metadato_learning_style_3>
<metadato_learning_style_4>1</metadato_learning_style_4>
<metadato_tem_conc>1</metadato_tem_conc>
</metadato>
<metadato>
<metadato_cors_identif>3</metadato_cors_identif>
<metadato_cors_nom>Cinema neorealista italiano</metadato_cors_nom>
<metadato_cors_sect_identif>1</metadato_cors_sect_identif>
<metadato_cors_sect_nom>Argomento 1</metadato_cors_sect_nom>
<metadato_prerequisiti>met1,met15,meta11</metadato_prerequisiti>
<metadato_conosc_acquisite>nessuna scelta</metadato_conosc_acquisite>
<metadato_name>meta18</metadato_name>
<metadato_learning_style_1>1</metadato_learning_style_1>
<metadato_learning_style_2>1</metadato_learning_style_2>
<metadato_learning_style_3>2</metadato_learning_style_3>
<metadato_learning_style_4>1</metadato_learning_style_4>
<metadato_tem_conc>1</metadato_tem_conc>
</metadato>
<metadato>
<metadato_cors_identif>3</metadato_cors_identif>
<metadato_cors_nom>Cinema neorealista italiano</metadato_cors_nom>
<metadato_cors_sect_identif>1</metadato_cors_sect_identif>
<metadato_cors_sect_nom>Argomento 1</metadato_cors_sect_nom>
<metadato_prerequisiti>met1,met14,meta9</metadato_prerequisiti>
<metadato_conosc_acquisite>nessuna scelta</metadato_conosc_acquisite>
<metadato_name>meta19</metadato_name>
<metadato_learning_style_1>0</metadato_learning_style_1>
<metadato_learning_style_2>0</metadato_learning_style_2>
<metadato_learning_style_3>0</metadato_learning_style_3>
<metadato_learning_style_4>0</metadato_learning_style_4>
<metadato_tem_conc>1</metadato_tem_conc>
</metadato>
<metadato>
<metadato_cors_identif>3</metadato_cors_identif>
<metadato_cors_nom>Cinema neorealista italiano</metadato_cors_nom>
<metadato_cors_sect_identif>1</metadato_cors_sect_identif>
<metadato_cors_sect_nom>Argomento 1</metadato_cors_sect_nom>
<metadato_prerequisiti>met1,met14,meta9</metadato_prerequisiti>
<metadato_conosc_acquisite>nessuna scelta</metadato_conosc_acquisite>
<metadato_name>meta19</metadato_name>
<metadato_learning_style_1>0</metadato_learning_style_1>
<metadato_learning_style_2>0</metadato_learning_style_2>
<metadato_learning_style_3>0</metadato_learning_style_3>
<metadato_learning_style_4>0</metadato_learning_style_4>
<metadato_tem_conc>1</metadato_tem_conc>
</metadato>
<metadato>
<metadato_cors_identif>3</metadato_cors_identif>
<metadato_cors_nom>Cinema neorealista italiano</metadato_cors_nom>
<metadato_cors_sect_identif>1</metadato_cors_sect_identif>
<metadato_cors_sect_nom>Argomento 1</metadato_cors_sect_nom>
<metadato_prerequisiti>met1,met15,meta19</metadato_prerequisiti>
<metadato_conosc_acquisite>nessuna scelta</metadato_conosc_acquisite>
<metadato_name>meta20</metadato_name>
<metadato_learning_style_1>1</metadato_learning_style_1>
<metadato_learning_style_2>1</metadato_learning_style_2>
<metadato_learning_style_3>2</metadato_learning_style_3>
<metadato_learning_style_4>1</metadato_learning_style_4>
<metadato_tem_conc>1</metadato_tem_conc>
</metadato>
<metadato>
<metadato_cors_identif>3</metadato_cors_identif>
<metadato_cors_nom>Cinema neorealista italiano</metadato_cors_nom>
<metadato_cors_sect_identif>1</metadato_cors_sect_identif>
<metadato_cors_sect_nom>Argomento 1</metadato_cors_sect_nom>
<metadato_prerequisiti>met1,meta19,sciuscia</metadato_prerequisiti>
<metadato_conosc_acquisite>nessuna scelta</metadato_conosc_acquisite>
<metadato_name>meta21</metadato_name>
<metadato_learning_style_1>1</metadato_learning_style_1>
<metadato_learning_style_2>1</metadato_learning_style_2>
<metadato_learning_style_3>2</metadato_learning_style_3>
<metadato_learning_style_4>1</metadato_learning_style_4>
<metadato_tem_conc>1</metadato_tem_conc>
</metadato>
<metadato>
<metadato_cors_identif>3</metadato_cors_identif>
<metadato_cors_nom>Cinema neorealista italiano</metadato_cors_nom>
<metadato_cors_sect_identif>1</metadato_cors_sect_identif>
<metadato_cors_sect_nom>Argomento 1</metadato_cors_sect_nom>
<metadato_prerequisiti>met1</metadato_prerequisiti>
<metadato_conosc_acquisite>sestometa</metadato_conosc_acquisite>
<metadato_name>Array</metadato_name>
<metadato_learning_style_1>1</metadato_learning_style_1>
<metadato_learning_style_2>1</metadato_learning_style_2>
<metadato_learning_style_3>2</metadato_learning_style_3>
<metadato_learning_style_4>1</metadato_learning_style_4>
<metadato_tem_conc>1</metadato_tem_conc>
</metadato>
<metadato>
<metadato_cors_identif>3</metadato_cors_identif>
<metadato_cors_nom>Cinema neorealista italiano</metadato_cors_nom>
<metadato_cors_sect_identif>1</metadato_cors_sect_identif>
<metadato_cors_sect_nom>Argomento 1</metadato_cors_sect_nom>
<metadato_prerequisiti>met12</metadato_prerequisiti>
<metadato_conosc_acquisite>sciuscia</metadato_conosc_acquisite>
<metadato_name>Array</metadato_name>
<metadato_learning_style_1>1</metadato_learning_style_1>
<metadato_learning_style_2>1</metadato_learning_style_2>
<metadato_learning_style_3>2</metadato_learning_style_3>
<metadato_learning_style_4>1</metadato_learning_style_4>
<metadato_tem_conc>1</metadato_tem_conc>
</metadato>
<metadato>
<metadato_cors_identif>3</metadato_cors_identif>
<metadato_cors_nom>Cinema neorealista italiano</metadato_cors_nom>
<metadato_cors_sect_identif>1</metadato_cors_sect_identif>
<metadato_cors_sect_nom>Argomento 1</metadato_cors_sect_nom>
<metadato_prerequisiti>met1,met13</metadato_prerequisiti>
<metadato_conosc_acquisite>sciuscia</metadato_conosc_acquisite>
<metadato_name>Array</metadato_name>
<metadato_learning_style_1>1</metadato_learning_style_1>
<metadato_learning_style_2>1</metadato_learning_style_2>
<metadato_learning_style_3>2</metadato_learning_style_3>
<metadato_learning_style_4>1</metadato_learning_style_4>
<metadato_tem_conc>1</metadato_tem_conc>
</metadato>
<metadato>
<metadato_cors_identif>3</metadato_cors_identif>
<metadato_cors_nom>Cinema neorealista italiano</metadato_cors_nom>
<metadato_cors_sect_identif>1</metadato_cors_sect_identif>
<metadato_cors_sect_nom>Argomento 1</metadato_cors_sect_nom>
<metadato_prerequisiti>met1,met13</metadato_prerequisiti>
<metadato_conosc_acquisite>sciuscia</metadato_conosc_acquisite>
<metadato_name>Array</metadato_name>
<metadato_learning_style_1>1</metadato_learning_style_1>
<metadato_learning_style_2>1</metadato_learning_style_2>
<metadato_learning_style_3>2</metadato_learning_style_3>
<metadato_learning_style_4>1</metadato_learning_style_4>
<metadato_tem_conc>1</metadato_tem_conc>
</metadato>
<metadato>
<metadato_cors_identif>3</metadato_cors_identif>
<metadato_cors_nom>Cinema neorealista italiano</metadato_cors_nom>
<metadato_cors_sect_identif>1</metadato_cors_sect_identif>
<metadato_cors_sect_nom>Argomento 1</metadato_cors_sect_nom>
<metadato_prerequisiti>met16,meta10</metadato_prerequisiti>
<metadato_conosc_acquisite>sciuscia</metadato_conosc_acquisite>
<metadato_name>Array</metadato_name>
<metadato_learning_style_1>1</metadato_learning_style_1>
<metadato_learning_style_2>1</metadato_learning_style_2>
<metadato_learning_style_3>2</metadato_learning_style_3>
<metadato_learning_style_4>1</metadato_learning_style_4>
<metadato_tem_conc>1</metadato_tem_conc>
</metadato>
<metadato>
<metadato_cors_identif>3</metadato_cors_identif>
<metadato_cors_nom>Cinema neorealista italiano</metadato_cors_nom>
<metadato_cors_sect_identif>1</metadato_cors_sect_identif>
<metadato_cors_sect_nom>Argomento 1</metadato_cors_sect_nom>
<metadato_prerequisiti>meta10,meta17</metadato_prerequisiti>
<metadato_conosc_acquisite>meta21</metadato_conosc_acquisite>
<metadato_name>Array</metadato_name>
<metadato_learning_style_1>1</metadato_learning_style_1>
<metadato_learning_style_2>1</metadato_learning_style_2>
<metadato_learning_style_3>2</metadato_learning_style_3>
<metadato_learning_style_4>1</metadato_learning_style_4>
<metadato_tem_conc>1</metadato_tem_conc>
</metadato>
<metadato>
<metadato_cors_identif>3</metadato_cors_identif>
<metadato_cors_nom>Cinema neorealista italiano</metadato_cors_nom>
<metadato_cors_sect_identif>1</metadato_cors_sect_identif>
<metadato_cors_sect_nom>Argomento 1</metadato_cors_sect_nom>
<metadato_prerequisiti>met15,meta11</metadato_prerequisiti>
<metadato_conosc_acquisite>sestometa</metadato_conosc_acquisite>
<metadato_name>Array</metadato_name>
<metadato_learning_style_1>1</metadato_learning_style_1>
<metadato_learning_style_2>1</metadato_learning_style_2>
<metadato_learning_style_3>2</metadato_learning_style_3>
<metadato_learning_style_4>1</metadato_learning_style_4>
<metadato_tem_conc>1</metadato_tem_conc>
</metadato>
<metadato>
<metadato_cors_identif>3</metadato_cors_identif>
<metadato_cors_nom>Cinema neorealista italiano</metadato_cors_nom>
<metadato_cors_sect_identif>1</metadato_cors_sect_identif>
<metadato_cors_sect_nom>Argomento 1</metadato_cors_sect_nom>
<metadato_prerequisiti>meta11</metadato_prerequisiti>
<metadato_conosc_acquisite>sestometa</metadato_conosc_acquisite>
<metadato_name>Array</metadato_name>
<metadato_learning_style_1>1</metadato_learning_style_1>
<metadato_learning_style_2>1</metadato_learning_style_2>
<metadato_learning_style_3>2</metadato_learning_style_3>
<metadato_learning_style_4>1</metadato_learning_style_4>
<metadato_tem_conc>2</metadato_tem_conc>
</metadato>
<metadato>
<metadato_cors_identif>3</metadato_cors_identif>
<metadato_cors_nom>Cinema neorealista italiano</metadato_cors_nom>
<metadato_cors_sect_identif>1</metadato_cors_sect_identif>
<metadato_cors_sect_nom>Argomento 1</metadato_cors_sect_nom>
<metadato_prerequisiti>meta17,meta19</metadato_prerequisiti>
<metadato_conosc_acquisite>meta10</metadato_conosc_acquisite>
<metadato_name>Array</metadato_name>
<metadato_learning_style_1>1</metadato_learning_style_1>
<metadato_learning_style_2>1</metadato_learning_style_2>
<metadato_learning_style_3>2</metadato_learning_style_3>
<metadato_learning_style_4>1</metadato_learning_style_4>
<metadato_tem_conc>1</metadato_tem_conc>
</metadato>
<metadato>
<metadato_cors_identif>3</metadato_cors_identif>
<metadato_cors_nom>Cinema neorealista italiano</metadato_cors_nom>
<metadato_cors_sect_identif>1</metadato_cors_sect_identif>
<metadato_cors_sect_nom>Argomento 1</metadato_cors_sect_nom>
<metadato_prerequisiti>met14,met16</metadato_prerequisiti>
<metadato_conosc_acquisite>meta20</metadato_conosc_acquisite>
<metadato_name>Array</metadato_name>
<metadato_learning_style_1>1</metadato_learning_style_1>
<metadato_learning_style_2>1</metadato_learning_style_2>
<metadato_learning_style_3>2</metadato_learning_style_3>
<metadato_learning_style_4>1</metadato_learning_style_4>
<metadato_tem_conc>1</metadato_tem_conc>
</metadato>
<metadato>
<metadato_cors_identif>3</metadato_cors_identif>
<metadato_cors_nom>Cinema neorealista italiano</metadato_cors_nom>
<metadato_cors_sect_identif>1</metadato_cors_sect_identif>
<metadato_cors_sect_nom>Argomento 1</metadato_cors_sect_nom>
<metadato_prerequisiti>met15,meta10</metadato_prerequisiti>
<metadato_conosc_acquisite>meta20</metadato_conosc_acquisite>
<metadato_name>Array</metadato_name>
<metadato_learning_style_1>1</metadato_learning_style_1>
<metadato_learning_style_2>1</metadato_learning_style_2>
<metadato_learning_style_3>2</metadato_learning_style_3>
<metadato_learning_style_4>1</metadato_learning_style_4>
<metadato_tem_conc>1</metadato_tem_conc>
</metadato>
<metadato>
<metadato_cors_identif>3</metadato_cors_identif>
<metadato_cors_nom>Cinema neorealista italiano</metadato_cors_nom>
<metadato_cors_sect_identif>1</metadato_cors_sect_identif>
<metadato_cors_sect_nom>Argomento 1</metadato_cors_sect_nom>
<metadato_prerequisiti>met16,meta18</metadato_prerequisiti>
<metadato_conosc_acquisite>meta18</metadato_conosc_acquisite>
<metadato_name>Array</metadato_name>
<metadato_learning_style_1>1</metadato_learning_style_1>
<metadato_learning_style_2>1</metadato_learning_style_2>
<metadato_learning_style_3>2</metadato_learning_style_3>
<metadato_learning_style_4>1</metadato_learning_style_4>
<metadato_tem_conc>1</metadato_tem_conc>
</metadato>
<metadato>
<metadato_cors_identif>3</metadato_cors_identif>
<metadato_cors_nom>Cinema neorealista italiano</metadato_cors_nom>
<metadato_cors_sect_identif>1</metadato_cors_sect_identif>
<metadato_cors_sect_nom>Argomento 1</metadato_cors_sect_nom>
<metadato_prerequisiti>meta10,meta11</metadato_prerequisiti>
<metadato_conosc_acquisite>meta19</metadato_conosc_acquisite>
<metadato_name>Array</metadato_name>
<metadato_learning_style_1>1</metadato_learning_style_1>
<metadato_learning_style_2>1</metadato_learning_style_2>
<metadato_learning_style_3>2</metadato_learning_style_3>
<metadato_learning_style_4>1</metadato_learning_style_4>
<metadato_tem_conc>1</metadato_tem_conc>
</metadato>
<metadato>
<metadato_cors_identif>3</metadato_cors_identif>
<metadato_cors_nom>Cinema neorealista italiano</metadato_cors_nom>
<metadato_cors_sect_identif>1</metadato_cors_sect_identif>
<metadato_cors_sect_nom>Argomento 1</metadato_cors_sect_nom>
<metadato_prerequisiti>Array</metadato_prerequisiti>
<metadato_conosc_acquisite>sciuscia</metadato_conosc_acquisite>
<metadato_name>Array</metadato_name>
<metadato_learning_style_1>1</metadato_learning_style_1>
<metadato_learning_style_2>1</metadato_learning_style_2>
<metadato_learning_style_3>2</metadato_learning_style_3>
<metadato_learning_style_4>1</metadato_learning_style_4>
<metadato_tem_conc>1</metadato_tem_conc>
</metadato>
<metadato>
<metadato_cors_identif>3</metadato_cors_identif>
<metadato_cors_nom>Cinema neorealista italiano</metadato_cors_nom>
<metadato_cors_sect_identif>1</metadato_cors_sect_identif>
<metadato_cors_sect_nom>Argomento 1</metadato_cors_sect_nom>
<metadato_prerequisiti>Array</metadato_prerequisiti>
<metadato_conosc_acquisite>meta19</metadato_conosc_acquisite>
<metadato_name>Array</metadato_name>
<metadato_learning_style_1>1</metadato_learning_style_1>
<metadato_learning_style_2>1</metadato_learning_style_2>
<metadato_learning_style_3>2</metadato_learning_style_3>
<metadato_learning_style_4>1</metadato_learning_style_4>
<metadato_tem_conc>1</metadato_tem_conc>
</metadato>
<metadato>
<metadato_cors_identif>3</metadato_cors_identif>
<metadato_cors_nom>Cinema neorealista italiano</metadato_cors_nom>
<metadato_cors_sect_identif>1</metadato_cors_sect_identif>
<metadato_cors_sect_nom>Argomento 1</metadato_cors_sect_nom>
<metadato_prerequisiti>Not Checked</metadato_prerequisiti>
<metadato_conosc_acquisite>meta21</metadato_conosc_acquisite>
<metadato_name>Array</metadato_name>
<metadato_learning_style_1>1</metadato_learning_style_1>
<metadato_learning_style_2>1</metadato_learning_style_2>
<metadato_learning_style_3>2</metadato_learning_style_3>
<metadato_learning_style_4>1</metadato_learning_style_4>
<metadato_tem_conc>1</metadato_tem_conc>
</metadato>
<metadato>
<metadato_cors_identif>3</metadato_cors_identif>
<metadato_cors_nom>Cinema neorealista italiano</metadato_cors_nom>
<metadato_cors_sect_identif>1</metadato_cors_sect_identif>
<metadato_cors_sect_nom>Argomento 1</metadato_cors_sect_nom>
<metadato_prerequisiti>Nessuna scelta</metadato_prerequisiti>
<metadato_conosc_acquisite>sestometa</metadato_conosc_acquisite>
<metadato_name>Array</metadato_name>
<metadato_learning_style_1>1</metadato_learning_style_1>
<metadato_learning_style_2>1</metadato_learning_style_2>
<metadato_learning_style_3>2</metadato_learning_style_3>
<metadato_learning_style_4>1</metadato_learning_style_4>
<metadato_tem_conc>1</metadato_tem_conc>
</metadato>
<metadato>
<metadato_cors_identif>3</metadato_cors_identif>
<metadato_cors_nom>Cinema neorealista italiano</metadato_cors_nom>
<metadato_cors_sect_identif>1</metadato_cors_sect_identif>
<metadato_cors_sect_nom>Argomento 1</metadato_cors_sect_nom>
<metadato_prerequisiti>Nessuna scelta</metadato_prerequisiti>
<metadato_conosc_acquisite>meta20</metadato_conosc_acquisite>
<metadato_name>Array</metadato_name>
<metadato_learning_style_1>1</metadato_learning_style_1>
<metadato_learning_style_2>1</metadato_learning_style_2>
<metadato_learning_style_3>2</metadato_learning_style_3>
<metadato_learning_style_4>1</metadato_learning_style_4>
<metadato_tem_conc>1</metadato_tem_conc>
</metadato>
<metadato>
<metadato_cors_identif>3</metadato_cors_identif>
<metadato_cors_nom>Cinema neorealista italiano</metadato_cors_nom>
<metadato_cors_sect_identif>1</metadato_cors_sect_identif>
<metadato_cors_sect_nom>Argomento 1</metadato_cors_sect_nom>
<metadato_prerequisiti>Nessuna scelta</metadato_prerequisiti>
<metadato_conosc_acquisite>met16</metadato_conosc_acquisite>
<metadato_name>Array</metadato_name>
<metadato_learning_style_1>1</metadato_learning_style_1>
<metadato_learning_style_2>1</metadato_learning_style_2>
<metadato_learning_style_3>2</metadato_learning_style_3>
<metadato_learning_style_4>1</metadato_learning_style_4>
<metadato_tem_conc>1</metadato_tem_conc>
</metadato>
<metadato>
<metadato_cors_identif>3</metadato_cors_identif>
<metadato_cors_nom>Cinema neorealista italiano</metadato_cors_nom>
<metadato_cors_sect_identif>1</metadato_cors_sect_identif>
<metadato_cors_sect_nom>Argomento 1</metadato_cors_sect_nom>
<metadato_prerequisiti>nessun metadato presente</metadato_prerequisiti>
<metadato_conosc_acquisite>nessuna scelta</metadato_conosc_acquisite>
<metadato_name>sciuscia</metadato_name>
<metadato_learning_style_1>1</metadato_learning_style_1>
<metadato_learning_style_2>1</metadato_learning_style_2>
<metadato_learning_style_3>2</metadato_learning_style_3>
<metadato_learning_style_4>1</metadato_learning_style_4>
<metadato_tem_conc>1</metadato_tem_conc>
</metadato>
<metadato>
<metadato_cors_identif>3</metadato_cors_identif>
<metadato_cors_nom>Cinema neorealista italiano</metadato_cors_nom>
<metadato_cors_sect_identif>1</metadato_cors_sect_identif>
<metadato_cors_sect_nom>Argomento 1</metadato_cors_sect_nom>
<metadato_prerequisiti>Nessuna scelta</metadato_prerequisiti>
<metadato_conosc_acquisite>sciuscia</metadato_conosc_acquisite>
<metadato_name>Array</metadato_name>
<metadato_learning_style_1>1</metadato_learning_style_1>
<metadato_learning_style_2>1</metadato_learning_style_2>
<metadato_learning_style_3>2</metadato_learning_style_3>
<metadato_learning_style_4>1</metadato_learning_style_4>
<metadato_tem_conc>1</metadato_tem_conc>
</metadato>
<metadato>
<metadato_cors_identif>3</metadato_cors_identif>
<metadato_cors_nom>Cinema neorealista italiano</metadato_cors_nom>
<metadato_cors_sect_identif>1</metadato_cors_sect_identif>
<metadato_cors_sect_nom>Argomento 1</metadato_cors_sect_nom>
<metadato_prerequisiti>Nessuna scelta</metadato_prerequisiti>
<metadato_conosc_acquisite>sciuscia</metadato_conosc_acquisite>
<metadato_name>Array</metadato_name>
<metadato_learning_style_1>1</metadato_learning_style_1>
<metadato_learning_style_2>1</metadato_learning_style_2>
<metadato_learning_style_3>2</metadato_learning_style_3>
<metadato_learning_style_4>1</metadato_learning_style_4>
<metadato_tem_conc>1</metadato_tem_conc>
</metadato>
<metadato>
<metadato_cors_identif>3</metadato_cors_identif>
<metadato_cors_nom>Cinema neorealista italiano</metadato_cors_nom>
<metadato_cors_sect_identif>1</metadato_cors_sect_identif>
<metadato_cors_sect_nom>Argomento 1</metadato_cors_sect_nom>
<metadato_prerequisiti>Nessuna scelta</metadato_prerequisiti>
<metadato_conosc_acquisite>sciuscia</metadato_conosc_acquisite>
<metadato_name>nessuna scelta name</metadato_name>
<metadato_learning_style_1>1</metadato_learning_style_1>
<metadato_learning_style_2>1</metadato_learning_style_2>
<metadato_learning_style_3>2</metadato_learning_style_3>
<metadato_learning_style_4>1</metadato_learning_style_4>
<metadato_tem_conc>1</metadato_tem_conc>
</metadato>
<metadato>
<metadato_cors_identif>3</metadato_cors_identif>
<metadato_cors_nom>Cinema neorealista italiano</metadato_cors_nom>
<metadato_cors_sect_identif>1</metadato_cors_sect_identif>
<metadato_cors_sect_nom>Argomento 1</metadato_cors_sect_nom>
<metadato_prerequisiti>nessuna scelta</metadato_prerequisiti>
<metadato_conosc_acquisite>sciuscia</metadato_conosc_acquisite>
<metadato_name>nessuna scelta</metadato_name>
<metadato_learning_style_1>1</metadato_learning_style_1>
<metadato_learning_style_2>1</metadato_learning_style_2>
<metadato_learning_style_3>2</metadato_learning_style_3>
<metadato_learning_style_4>1</metadato_learning_style_4>
<metadato_tem_conc>1</metadato_tem_conc>
</metadato>
<metadato>
<metadato_cors_identif>3</metadato_cors_identif>
<metadato_cors_nom>Cinema neorealista italiano</metadato_cors_nom>
<metadato_cors_sect_identif>1</metadato_cors_sect_identif>
<metadato_cors_sect_nom>Argomento 1</metadato_cors_sect_nom>
<metadato_prerequisiti>nessuna scelta</metadato_prerequisiti>
<metadato_conosc_acquisite>sciuscia</metadato_conosc_acquisite>
<metadato_name>nessuna scelta</metadato_name>
<metadato_learning_style_1>1</metadato_learning_style_1>
<metadato_learning_style_2>1</metadato_learning_style_2>
<metadato_learning_style_3>2</metadato_learning_style_3>
<metadato_learning_style_4>1</metadato_learning_style_4>
<metadato_tem_conc>1</metadato_tem_conc>
</metadato>
<metadato>
<metadato_cors_identif>3</metadato_cors_identif>
<metadato_cors_nom>Cinema neorealista italiano</metadato_cors_nom>
<metadato_cors_sect_identif>1</metadato_cors_sect_identif>
<metadato_cors_sect_nom>Argomento 1</metadato_cors_sect_nom>
<metadato_prerequisiti>nessun metadato presente</metadato_prerequisiti>
<metadato_conosc_acquisite>nessuna scelta</metadato_conosc_acquisite>
<metadato_name>sciuscia</metadato_name>
<metadato_learning_style_1>1</metadato_learning_style_1>
<metadato_learning_style_2>1</metadato_learning_style_2>
<metadato_learning_style_3>2</metadato_learning_style_3>
<metadato_learning_style_4>1</metadato_learning_style_4>
<metadato_tem_conc>1</metadato_tem_conc>
</metadato>
<metadato>
<metadato_cors_identif>3</metadato_cors_identif>
<metadato_cors_nom>Cinema neorealista italiano</metadato_cors_nom>
<metadato_cors_sect_identif>1</metadato_cors_sect_identif>
<metadato_cors_sect_nom>Argomento 1</metadato_cors_sect_nom>
<metadato_prerequisiti>nessuna scelta</metadato_prerequisiti>
<metadato_conosc_acquisite>sciuscia</metadato_conosc_acquisite>
<metadato_name>nessuna scelta</metadato_name>
<metadato_learning_style_1>1</metadato_learning_style_1>
<metadato_learning_style_2>1</metadato_learning_style_2>
<metadato_learning_style_3>2</metadato_learning_style_3>
<metadato_learning_style_4>1</metadato_learning_style_4>
<metadato_tem_conc>1</metadato_tem_conc>
</metadato>
<metadato>
<metadato_cors_identif>3</metadato_cors_identif>
<metadato_cors_nom>Cinema neorealista italiano</metadato_cors_nom>
<metadato_cors_sect_identif>1</metadato_cors_sect_identif>
<metadato_cors_sect_nom>Argomento 1</metadato_cors_sect_nom>
<metadato_prerequisiti>nessuna scelta</metadato_prerequisiti>
<metadato_conosc_acquisite>sciuscia</metadato_conosc_acquisite>
<metadato_name>nessuna scelta</metadato_name>
<metadato_learning_style_1>2</metadato_learning_style_1>
<metadato_learning_style_2>3</metadato_learning_style_2>
<metadato_learning_style_3>5</metadato_learning_style_3>
<metadato_learning_style_4>1</metadato_learning_style_4>
<metadato_tem_conc>1</metadato_tem_conc>
</metadato>
</metadatos>
