<?xml version="1.0" encoding="UTF-8"?>
<metadatos>
<metadato>
<metadato_cors_identif>3</metadato_cors_identif>
<metadato_cors_nom>Cinema neorealista italiano</metadato_cors_nom>
<metadato_cors_sect_identif>0</metadato_cors_sect_identif>
<metadato_cors_sect_nom>Argomento 10</metadato_cors_sect_nom>
<metadato_prerequisiti>nessuna scelta</metadato_prerequisiti>
<metadato_conosc_acquisite>rossellini</metadato_conosc_acquisite>
<metadato_name>nessuna scelta</metadato_name>
<metadato_learning_style_1>1</metadato_learning_style_1>
<metadato_learning_style_2>2</metadato_learning_style_2>
<metadato_learning_style_3>4</metadato_learning_style_3>
<metadato_learning_style_4>1</metadato_learning_style_4>
<metadato_tem_conc>1</metadato_tem_conc>
</metadato>
<metadato>
<metadato_cors_identif>3</metadato_cors_identif>
<metadato_cors_nom>Cinema neorealista italiano</metadato_cors_nom>
<metadato_cors_sect_identif>0</metadato_cors_sect_identif>
<metadato_cors_sect_nom>Argomento 10</metadato_cors_sect_nom>
<metadato_prerequisiti>nessun metadato presente</metadato_prerequisiti>
<metadato_conosc_acquisite>nessuna scelta</metadato_conosc_acquisite>
<metadato_name>sciuscia</metadato_name>
<metadato_learning_style_1>1</metadato_learning_style_1>
<metadato_learning_style_2>1</metadato_learning_style_2>
<metadato_learning_style_3>1</metadato_learning_style_3>
<metadato_learning_style_4>1</metadato_learning_style_4>
<metadato_tem_conc>1</metadato_tem_conc>
</metadato>
</metadatos>
