<?xml version="1.0" encoding="UTF-8"?>
<metadatos>
<metadato>
<metadato_name>tester1</metadato_name>
<metadato_learning_style_1>19</metadato_learning_style_1>
<metadato_prerequi>Green</metadato_prerequi>
<metadato_con_acqui>Lab</metadato_con_acqui>
</metadato>
<metadato>
<metadato_name>tester2</metadato_name>
<metadato_learning_style_1>19</metadato_learning_style_1>
<metadato_prerequi>Green</metadato_prerequi>
<metadato_con_acqui>Lab</metadato_con_acqui>
</metadato>
<metadato>
<metadato_name>primometadato</metadato_name>
<metadato_learning_style_1>2</metadato_learning_style_1>
<metadato_prerequi>rossellini</metadato_prerequi>
<metadato_con_acqui>neorealism_growth</metadato_con_acqui>
</metadato>
<metadato>
<metadato_name>secondometadato</metadato_name>
<metadato_learning_style_1>0</metadato_learning_style_1>
<metadato_prerequi>war</metadato_prerequi>
<metadato_con_acqui>movie_children</metadato_con_acqui>
</metadato>
<metadato>
<metadato_name>terzometadato</metadato_name>
<metadato_learning_style_1>1</metadato_learning_style_1>
<metadato_prerequi>paisa</metadato_prerequi>
<metadato_con_acqui>neorealism_growth</metadato_con_acqui>
</metadato>
</metadatos>
