<?xml version="1.0" encoding="UTF-8"?>
<con_acquis>
    <con_acqui>rome_in_the_neorealism</con_acqui>
    <con_acqui>rossellini</con_acqui>
    <con_acqui>war</con_acqui>
    <con_acqui>roma_citta_aperta</con_acqui>
    <con_acqui>paisa</con_acqui>
    <con_acqui>sciuscia</con_acqui>
    <con_acqui>thematics</con_acqui>
    <con_acqui>neorealism_growth</con_acqui>
    <con_acqui>de_sica</con_acqui>
    <con_acqui>children</con_acqui>
    <con_acqui>movie_children</con_acqui>
    <con_acqui>neorealism_origin</con_acqui>
</con_acquis>