<?xml version="1.0" encoding="UTF-8"?>
<metadato_applications>
<application>
<type ID='metadato'>
<location>e65metadato.php</location>
</type>
</application>
<application>
<type ID='selectbox'>
<location>e54get_con_acquis.php</location>
</type>
</application>
<application>
<type ID='con_acquis'>
<location>e5con_acquis.xml</location>
</type>
</application>
<application>
<type ID='datastorage'>
<location>emetadato_data.xml</location>
</type>
</application>
<application>
<type ID='metadatodata'>
<location>e63metadato_data.php</location>
</type>
</application>
</metadato_applications>