<?xml version="1.0" encoding="UTF-8"?>
<metadatos>
<metadato>
<metadato_name>tester1</metadato_name>
<metadato_learning_style_1>19</metadato_learning_style_1>
<metadato_prerequi>Green</metadato_prerequi>
<metadato_con_acqui>Lab</metadato_con_acqui>
</metadato>
<metadato>
<metadato_name>tester2</metadato_name>
<metadato_learning_style_1>19</metadato_learning_style_1>
<metadato_prerequi>Green</metadato_prerequi>
<metadato_con_acqui>Lab</metadato_con_acqui>
</metadato>
<metadato>
<metadato_name>quintometadato</metadato_name>
<metadato_learning_style_1>1</metadato_learning_style_1>
<metadato_prerequi>no prerequi</metadato_prerequi>
<metadato_con_acqui>rome_in_the_neorealism</metadato_con_acqui>
</metadato>
<metadato>
<metadato_name>PRIMOMETADA</metadato_name>
<metadato_learning_style_1>1</metadato_learning_style_1>
<metadato_prerequi>war</metadato_prerequi>
<metadato_con_acqui>paisa</metadato_con_acqui>
</metadato>
</metadatos>
