<?xml version="1.0" encoding="UTF-8"?>
<metadatos>
<metadato>
<metadato_cors_identif>3</metadato_cors_identif>
<metadato_cors_nom>Cinema neorealista italiano</metadato_cors_nom>
<metadato_cors_sect_identif>48</metadato_cors_sect_identif>
<metadato_prerequisiti>nessun metadato presente</metadato_prerequisiti>
<metadato_conosc_acquisite>nessuna scelta</metadato_conosc_acquisite>
<metadato_name>sciuscia</metadato_name>
<metadato_learning_style_1>2</metadato_learning_style_1>
<metadato_learning_style_2>2</metadato_learning_style_2>
<metadato_learning_style_3>2</metadato_learning_style_3>
<metadato_learning_style_4>2</metadato_learning_style_4>
<metadato_tem_conc>1</metadato_tem_conc>
<metadato_tempo>Jan,28,2021 112805 AM</metadato_tempo>
</metadato>
<metadato>
<metadato_cors_identif>3</metadato_cors_identif>
<metadato_cors_nom>Cinema neorealista italiano</metadato_cors_nom>
<metadato_cors_sect_identif>48</metadato_cors_sect_identif>
<metadato_prerequisiti>nessun metadato presente</metadato_prerequisiti>
<metadato_conosc_acquisite>nessuna scelta</metadato_conosc_acquisite>
<metadato_name>sciuscia</metadato_name>
<metadato_learning_style_1>2</metadato_learning_style_1>
<metadato_learning_style_2>2</metadato_learning_style_2>
<metadato_learning_style_3>2</metadato_learning_style_3>
<metadato_learning_style_4>2</metadato_learning_style_4>
<metadato_tem_conc>1</metadato_tem_conc>
<metadato_tempo>Jan,28,2021 113040 AM</metadato_tempo>
</metadato>
<metadato>
<metadato_cors_identif>3</metadato_cors_identif>
<metadato_cors_nom>Cinema neorealista italiano</metadato_cors_nom>
<metadato_cors_sect_identif>48</metadato_cors_sect_identif>
<metadato_prerequisiti>nessun metadato presente</metadato_prerequisiti>
<metadato_conosc_acquisite>nessuna scelta</metadato_conosc_acquisite>
<metadato_name>rossellini</metadato_name>
<metadato_learning_style_1>2</metadato_learning_style_1>
<metadato_learning_style_2>2</metadato_learning_style_2>
<metadato_learning_style_3>2</metadato_learning_style_3>
<metadato_learning_style_4>2</metadato_learning_style_4>
<metadato_tem_conc>1</metadato_tem_conc>
<metadato_tempo>Jan,28,2021 113412 AM</metadato_tempo>
</metadato>
<metadato>
<metadato_cors_identif>3</metadato_cors_identif>
<metadato_cors_nom>Cinema neorealista italiano</metadato_cors_nom>
<metadato_cors_sect_identif>48</metadato_cors_sect_identif>
<metadato_prerequisiti>nessun metadato presente</metadato_prerequisiti>
<metadato_conosc_acquisite>nessuna scelta</metadato_conosc_acquisite>
<metadato_name>sciuscia</metadato_name>
<metadato_learning_style_1>2</metadato_learning_style_1>
<metadato_learning_style_2>2</metadato_learning_style_2>
<metadato_learning_style_3>2</metadato_learning_style_3>
<metadato_learning_style_4>2</metadato_learning_style_4>
<metadato_tem_conc>1</metadato_tem_conc>
<metadato_tempo>Jan,28,2021 114235 AM</metadato_tempo>
</metadato>
<metadato>
<metadato_cors_identif>3</metadato_cors_identif>
<metadato_cors_nom>Cinema neorealista italiano</metadato_cors_nom>
<metadato_cors_sect_identif>48</metadato_cors_sect_identif>
<metadato_prerequisiti>nessuna scelta</metadato_prerequisiti>
<metadato_conosc_acquisite>nessuna scelta</metadato_conosc_acquisite>
<metadato_name>paisa</metadato_name>
<metadato_learning_style_1>1</metadato_learning_style_1>
<metadato_learning_style_2>1</metadato_learning_style_2>
<metadato_learning_style_3>1</metadato_learning_style_3>
<metadato_learning_style_4>1</metadato_learning_style_4>
<metadato_tem_conc>1</metadato_tem_conc>
<metadato_tempo>Jan,28,2021 114304 AM</metadato_tempo>
</metadato>
<metadato>
<metadato_cors_identif>3</metadato_cors_identif>
<metadato_cors_nom>Cinema neorealista italiano</metadato_cors_nom>
<metadato_cors_sect_identif>48</metadato_cors_sect_identif>
<metadato_prerequisiti>nessun metadato presente</metadato_prerequisiti>
<metadato_conosc_acquisite>nessuna scelta</metadato_conosc_acquisite>
<metadato_name>sciuscia</metadato_name>
<metadato_learning_style_1>2</metadato_learning_style_1>
<metadato_learning_style_2>2</metadato_learning_style_2>
<metadato_learning_style_3>2</metadato_learning_style_3>
<metadato_learning_style_4>2</metadato_learning_style_4>
<metadato_tem_conc>1</metadato_tem_conc>
<metadato_tempo>Jan,28,2021 024930 PM</metadato_tempo>
</metadato>
<metadato>
<metadato_cors_identif>3</metadato_cors_identif>
<metadato_cors_nom>Cinema neorealista italiano</metadato_cors_nom>
<metadato_cors_sect_identif>48</metadato_cors_sect_identif>
<metadato_prerequisiti>nessuna scelta</metadato_prerequisiti>
<metadato_conosc_acquisite>nessuna scelta</metadato_conosc_acquisite>
<metadato_name>sciuscia</metadato_name>
<metadato_learning_style_1>0</metadato_learning_style_1>
<metadato_learning_style_2>0</metadato_learning_style_2>
<metadato_learning_style_3>0</metadato_learning_style_3>
<metadato_learning_style_4>0</metadato_learning_style_4>
<metadato_tem_conc>1</metadato_tem_conc>
<metadato_tempo>Jan,28,2021 031140 PM</metadato_tempo>
</metadato>
<metadato>
<metadato_cors_identif>3</metadato_cors_identif>
<metadato_cors_nom>Cinema neorealista italiano</metadato_cors_nom>
<metadato_cors_sect_identif>48</metadato_cors_sect_identif>
<metadato_prerequisiti>nessun metadato presente</metadato_prerequisiti>
<metadato_conosc_acquisite>nessuna scelta</metadato_conosc_acquisite>
<metadato_name>sciuscia</metadato_name>
<metadato_learning_style_1>1</metadato_learning_style_1>
<metadato_learning_style_2>1</metadato_learning_style_2>
<metadato_learning_style_3>1</metadato_learning_style_3>
<metadato_learning_style_4>1</metadato_learning_style_4>
<metadato_tem_conc>1</metadato_tem_conc>
<metadato_tempo>Jan,28,2021 031747 PM</metadato_tempo>
</metadato>
<metadato>
<metadato_cors_identif>3</metadato_cors_identif>
<metadato_cors_nom>Cinema neorealista italiano</metadato_cors_nom>
<metadato_cors_sect_identif>48</metadato_cors_sect_identif>
<metadato_prerequisiti>nessun metadato presente</metadato_prerequisiti>
<metadato_conosc_acquisite>nessuna scelta</metadato_conosc_acquisite>
<metadato_name>sciuscia</metadato_name>
<metadato_learning_style_1>1</metadato_learning_style_1>
<metadato_learning_style_2>1</metadato_learning_style_2>
<metadato_learning_style_3>1</metadato_learning_style_3>
<metadato_learning_style_4>1</metadato_learning_style_4>
<metadato_tem_conc>1</metadato_tem_conc>
<metadato_tempo>Jan,28,2021 032046 PM</metadato_tempo>
</metadato>
<metadato>
<metadato_cors_identif>3</metadato_cors_identif>
<metadato_cors_nom>Cinema neorealista italiano</metadato_cors_nom>
<metadato_cors_sect_identif>48</metadato_cors_sect_identif>
<metadato_prerequisiti>nessuna scelta</metadato_prerequisiti>
<metadato_conosc_acquisite>sciuscia</metadato_conosc_acquisite>
<metadato_name>nessuna scelta</metadato_name>
<metadato_learning_style_1>2</metadato_learning_style_1>
<metadato_learning_style_2>2</metadato_learning_style_2>
<metadato_learning_style_3>2</metadato_learning_style_3>
<metadato_learning_style_4>2</metadato_learning_style_4>
<metadato_tem_conc>1</metadato_tem_conc>
<metadato_tempo>Jan,28,2021 032130 PM</metadato_tempo>
</metadato>
<metadato>
<metadato_cors_identif>3</metadato_cors_identif>
<metadato_cors_nom>Cinema neorealista italiano</metadato_cors_nom>
<metadato_cors_sect_identif>49</metadato_cors_sect_identif>
<metadato_prerequisiti>sciuscia</metadato_prerequisiti>
<metadato_conosc_acquisite>nessuna scelta</metadato_conosc_acquisite>
<metadato_name>rossellini</metadato_name>
<metadato_learning_style_1>0</metadato_learning_style_1>
<metadato_learning_style_2>0</metadato_learning_style_2>
<metadato_learning_style_3>0</metadato_learning_style_3>
<metadato_learning_style_4>0</metadato_learning_style_4>
<metadato_tem_conc>1</metadato_tem_conc>
<metadato_tempo>Jan,28,2021 032302 PM</metadato_tempo>
</metadato>
<metadato>
<metadato_cors_identif>3</metadato_cors_identif>
<metadato_cors_nom>Cinema neorealista italiano</metadato_cors_nom>
<metadato_cors_sect_identif>49</metadato_cors_sect_identif>
<metadato_prerequisiti>nessuna scelta</metadato_prerequisiti>
<metadato_conosc_acquisite>nessuna scelta</metadato_conosc_acquisite>
<metadato_name>paisa</metadato_name>
<metadato_learning_style_1>0</metadato_learning_style_1>
<metadato_learning_style_2>0</metadato_learning_style_2>
<metadato_learning_style_3>0</metadato_learning_style_3>
<metadato_learning_style_4>0</metadato_learning_style_4>
<metadato_tem_conc>1</metadato_tem_conc>
<metadato_tempo>Jan,28,2021 032926 PM</metadato_tempo>
</metadato>
<metadato>
<metadato_cors_identif>3</metadato_cors_identif>
<metadato_cors_nom>Cinema neorealista italiano</metadato_cors_nom>
<metadato_cors_sect_identif>56</metadato_cors_sect_identif>
<metadato_prerequisiti>nessuna scelta</metadato_prerequisiti>
<metadato_conosc_acquisite>nessuna scelta</metadato_conosc_acquisite>
<metadato_name>thematics</metadato_name>
<metadato_learning_style_1>0</metadato_learning_style_1>
<metadato_learning_style_2>0</metadato_learning_style_2>
<metadato_learning_style_3>0</metadato_learning_style_3>
<metadato_learning_style_4>0</metadato_learning_style_4>
<metadato_tem_conc>1</metadato_tem_conc>
<metadato_tempo>Jan,28,2021 033907 PM</metadato_tempo>
</metadato>
<metadato>
<metadato_cors_identif>3</metadato_cors_identif>
<metadato_cors_nom>Cinema neorealista italiano</metadato_cors_nom>
<metadato_cors_sect_identif>56</metadato_cors_sect_identif>
<metadato_prerequisiti>nessun metadato presente</metadato_prerequisiti>
<metadato_conosc_acquisite>nessuna scelta</metadato_conosc_acquisite>
<metadato_name>sciuscia</metadato_name>
<metadato_learning_style_1>0</metadato_learning_style_1>
<metadato_learning_style_2>0</metadato_learning_style_2>
<metadato_learning_style_3>0</metadato_learning_style_3>
<metadato_learning_style_4>0</metadato_learning_style_4>
<metadato_tem_conc>1</metadato_tem_conc>
<metadato_tempo>Jan,28,2021 034337 PM</metadato_tempo>
</metadato>
<metadato>
<metadato_cors_identif>3</metadato_cors_identif>
<metadato_cors_nom>Cinema neorealista italiano</metadato_cors_nom>
<metadato_cors_sect_identif>56</metadato_cors_sect_identif>
<metadato_prerequisiti>nessuna scelta</metadato_prerequisiti>
<metadato_conosc_acquisite>sciuscia</metadato_conosc_acquisite>
<metadato_name>nessuna scelta</metadato_name>
<metadato_learning_style_1>0</metadato_learning_style_1>
<metadato_learning_style_2>0</metadato_learning_style_2>
<metadato_learning_style_3>0</metadato_learning_style_3>
<metadato_learning_style_4>0</metadato_learning_style_4>
<metadato_tem_conc>1</metadato_tem_conc>
<metadato_tempo>Jan,28,2021 034401 PM</metadato_tempo>
</metadato>
<metadato>
<metadato_cors_identif>3</metadato_cors_identif>
<metadato_cors_nom>Cinema neorealista italiano</metadato_cors_nom>
<metadato_cors_sect_identif>58</metadato_cors_sect_identif>
<metadato_prerequisiti>sciuscia</metadato_prerequisiti>
<metadato_conosc_acquisite>nessuna scelta</metadato_conosc_acquisite>
<metadato_name>thematics</metadato_name>
<metadato_learning_style_1>2</metadato_learning_style_1>
<metadato_learning_style_2>2</metadato_learning_style_2>
<metadato_learning_style_3>2</metadato_learning_style_3>
<metadato_learning_style_4>2</metadato_learning_style_4>
<metadato_tem_conc>1</metadato_tem_conc>
<metadato_tempo>Jan,28,2021 040256 PM</metadato_tempo>
</metadato>
<metadato>
<metadato_cors_identif>3</metadato_cors_identif>
<metadato_cors_nom>Cinema neorealista italiano</metadato_cors_nom>
<metadato_cors_sect_identif>58</metadato_cors_sect_identif>
<metadato_prerequisiti>sciuscia,thematics</metadato_prerequisiti>
<metadato_conosc_acquisite>nessuna scelta</metadato_conosc_acquisite>
<metadato_name>rossellini</metadato_name>
<metadato_learning_style_1>0</metadato_learning_style_1>
<metadato_learning_style_2>0</metadato_learning_style_2>
<metadato_learning_style_3>0</metadato_learning_style_3>
<metadato_learning_style_4>0</metadato_learning_style_4>
<metadato_tem_conc>1</metadato_tem_conc>
<metadato_tempo>Jan,28,2021 040355 PM</metadato_tempo>
</metadato>
<metadato>
<metadato_cors_identif>3</metadato_cors_identif>
<metadato_cors_nom>Cinema neorealista italiano</metadato_cors_nom>
<metadato_cors_sect_identif>58</metadato_cors_sect_identif>
<metadato_prerequisiti>nessun metadato presente</metadato_prerequisiti>
<metadato_conosc_acquisite>nessuna scelta</metadato_conosc_acquisite>
<metadato_name>sciuscia</metadato_name>
<metadato_learning_style_1>0</metadato_learning_style_1>
<metadato_learning_style_2>0</metadato_learning_style_2>
<metadato_learning_style_3>0</metadato_learning_style_3>
<metadato_learning_style_4>0</metadato_learning_style_4>
<metadato_tem_conc>1</metadato_tem_conc>
<metadato_tempo>Jan,28,2021 040517 PM</metadato_tempo>
</metadato>
<metadato>
<metadato_cors_identif>3</metadato_cors_identif>
<metadato_cors_nom>Cinema neorealista italiano</metadato_cors_nom>
<metadato_cors_sect_identif>58</metadato_cors_sect_identif>
<metadato_prerequisiti>sciuscia</metadato_prerequisiti>
<metadato_conosc_acquisite>nessuna scelta</metadato_conosc_acquisite>
<metadato_name>paisa</metadato_name>
<metadato_learning_style_1>1</metadato_learning_style_1>
<metadato_learning_style_2>1</metadato_learning_style_2>
<metadato_learning_style_3>1</metadato_learning_style_3>
<metadato_learning_style_4>1</metadato_learning_style_4>
<metadato_tem_conc>1</metadato_tem_conc>
<metadato_tempo>Jan,28,2021 040542 PM</metadato_tempo>
</metadato>
<metadato>
<metadato_cors_identif>3</metadato_cors_identif>
<metadato_cors_nom>Cinema neorealista italiano</metadato_cors_nom>
<metadato_cors_sect_identif>56</metadato_cors_sect_identif>
<metadato_prerequisiti>nessuna scelta</metadato_prerequisiti>
<metadato_conosc_acquisite>nessuna scelta</metadato_conosc_acquisite>
<metadato_name>rossellini</metadato_name>
<metadato_learning_style_1>1</metadato_learning_style_1>
<metadato_learning_style_2>1</metadato_learning_style_2>
<metadato_learning_style_3>1</metadato_learning_style_3>
<metadato_learning_style_4>1</metadato_learning_style_4>
<metadato_tem_conc>1</metadato_tem_conc>
<metadato_tempo>Jan,28,2021 040648 PM</metadato_tempo>
</metadato>
<metadato>
<metadato_cors_identif>3</metadato_cors_identif>
<metadato_cors_nom>Cinema neorealista italiano</metadato_cors_nom>
<metadato_cors_sect_identif>56</metadato_cors_sect_identif>
<metadato_prerequisiti>nessuna scelta</metadato_prerequisiti>
<metadato_conosc_acquisite>rossellini</metadato_conosc_acquisite>
<metadato_name>nessuna scelta</metadato_name>
<metadato_learning_style_1>2</metadato_learning_style_1>
<metadato_learning_style_2>2</metadato_learning_style_2>
<metadato_learning_style_3>2</metadato_learning_style_3>
<metadato_learning_style_4>2</metadato_learning_style_4>
<metadato_tem_conc>2</metadato_tem_conc>
<metadato_tempo>Jan,28,2021 040720 PM</metadato_tempo>
</metadato>
<metadato>
<metadato_cors_identif>3</metadato_cors_identif>
<metadato_cors_nom>Cinema neorealista italiano</metadato_cors_nom>
<metadato_cors_sect_identif>48</metadato_cors_sect_identif>
<metadato_prerequisiti>nessuna scelta</metadato_prerequisiti>
<metadato_conosc_acquisite>nessuna scelta</metadato_conosc_acquisite>
<metadato_name>thematics</metadato_name>
<metadato_learning_style_1>1</metadato_learning_style_1>
<metadato_learning_style_2>1</metadato_learning_style_2>
<metadato_learning_style_3>1</metadato_learning_style_3>
<metadato_learning_style_4>1</metadato_learning_style_4>
<metadato_tem_conc>1</metadato_tem_conc>
<metadato_tempo>Jan,28,2021 040829 PM</metadato_tempo>
</metadato>
<metadato>
<metadato_cors_identif>3</metadato_cors_identif>
<metadato_cors_nom>Cinema neorealista italiano</metadato_cors_nom>
<metadato_cors_sect_identif>48</metadato_cors_sect_identif>
<metadato_prerequisiti>sciuscia,paisa</metadato_prerequisiti>
<metadato_conosc_acquisite>thematics</metadato_conosc_acquisite>
<metadato_name>nessuna scelta</metadato_name>
<metadato_learning_style_1>0</metadato_learning_style_1>
<metadato_learning_style_2>0</metadato_learning_style_2>
<metadato_learning_style_3>0</metadato_learning_style_3>
<metadato_learning_style_4>0</metadato_learning_style_4>
<metadato_tem_conc>1</metadato_tem_conc>
<metadato_tempo>Jan,28,2021 041831 PM</metadato_tempo>
</metadato>
<metadato>
<metadato_cors_identif>3</metadato_cors_identif>
<metadato_cors_nom>Cinema neorealista italiano</metadato_cors_nom>
<metadato_cors_sect_identif>49</metadato_cors_sect_identif>
<metadato_prerequisiti>rossellini,thematics</metadato_prerequisiti>
<metadato_conosc_acquisite>sciuscia</metadato_conosc_acquisite>
<metadato_name>nessuna scelta</metadato_name>
<metadato_learning_style_1>0</metadato_learning_style_1>
<metadato_learning_style_2>0</metadato_learning_style_2>
<metadato_learning_style_3>0</metadato_learning_style_3>
<metadato_learning_style_4>0</metadato_learning_style_4>
<metadato_tem_conc>1</metadato_tem_conc>
<metadato_tempo>Jan,28,2021 041945 PM</metadato_tempo>
</metadato>
<metadato>
<metadato_cors_identif>3</metadato_cors_identif>
<metadato_cors_nom>Cinema neorealista italiano</metadato_cors_nom>
<metadato_cors_sect_identif>49</metadato_cors_sect_identif>
<metadato_prerequisiti>nessuna scelta</metadato_prerequisiti>
<metadato_conosc_acquisite>nessuna scelta</metadato_conosc_acquisite>
<metadato_name>rome_in_the_neorealism</metadato_name>
<metadato_learning_style_1>0</metadato_learning_style_1>
<metadato_learning_style_2>0</metadato_learning_style_2>
<metadato_learning_style_3>0</metadato_learning_style_3>
<metadato_learning_style_4>0</metadato_learning_style_4>
<metadato_tem_conc>1</metadato_tem_conc>
<metadato_tempo>Jan,28,2021 042017 PM</metadato_tempo>
</metadato>
<metadato>
<metadato_cors_identif>3</metadato_cors_identif>
<metadato_cors_nom>Cinema neorealista italiano</metadato_cors_nom>
<metadato_cors_sect_identif>49</metadato_cors_sect_identif>
<metadato_prerequisiti>rome_in_the_neorealism</metadato_prerequisiti>
<metadato_conosc_acquisite>nessuna scelta</metadato_conosc_acquisite>
<metadato_name>rossellini</metadato_name>
<metadato_learning_style_1>1</metadato_learning_style_1>
<metadato_learning_style_2>1</metadato_learning_style_2>
<metadato_learning_style_3>1</metadato_learning_style_3>
<metadato_learning_style_4>1</metadato_learning_style_4>
<metadato_tem_conc>1</metadato_tem_conc>
<metadato_tempo>Jan,28,2021 044906 PM</metadato_tempo>
</metadato>
<metadato>
<metadato_cors_identif>3</metadato_cors_identif>
<metadato_cors_nom>Cinema neorealista italiano</metadato_cors_nom>
<metadato_cors_sect_identif>49</metadato_cors_sect_identif>
<metadato_prerequisiti>nessun metadato presente</metadato_prerequisiti>
<metadato_conosc_acquisite>nessuna scelta</metadato_conosc_acquisite>
<metadato_name>sciuscia</metadato_name>
<metadato_learning_style_1>0</metadato_learning_style_1>
<metadato_learning_style_2>0</metadato_learning_style_2>
<metadato_learning_style_3>0</metadato_learning_style_3>
<metadato_learning_style_4>0</metadato_learning_style_4>
<metadato_tem_conc>1</metadato_tem_conc>
<metadato_tempo>Jan,28,2021 045113 PM</metadato_tempo>
</metadato>
<metadato>
<metadato_cors_identif>3</metadato_cors_identif>
<metadato_cors_nom>Cinema neorealista italiano</metadato_cors_nom>
<metadato_cors_sect_identif>49</metadato_cors_sect_identif>
<metadato_prerequisiti>sciuscia</metadato_prerequisiti>
<metadato_conosc_acquisite>nessuna scelta</metadato_conosc_acquisite>
<metadato_name>rossellini</metadato_name>
<metadato_learning_style_1>1</metadato_learning_style_1>
<metadato_learning_style_2>1</metadato_learning_style_2>
<metadato_learning_style_3>1</metadato_learning_style_3>
<metadato_learning_style_4>1</metadato_learning_style_4>
<metadato_tem_conc>1</metadato_tem_conc>
<metadato_tempo>Jan,28,2021 045458 PM</metadato_tempo>
</metadato>
<metadato>
<metadato_cors_identif>3</metadato_cors_identif>
<metadato_cors_nom>Cinema neorealista italiano</metadato_cors_nom>
<metadato_cors_sect_identif>49</metadato_cors_sect_identif>
<metadato_prerequisiti>sciuscia</metadato_prerequisiti>
<metadato_conosc_acquisite>rossellini</metadato_conosc_acquisite>
<metadato_name>nessuna scelta</metadato_name>
<metadato_learning_style_1>2</metadato_learning_style_1>
<metadato_learning_style_2>2</metadato_learning_style_2>
<metadato_learning_style_3>2</metadato_learning_style_3>
<metadato_learning_style_4>2</metadato_learning_style_4>
<metadato_tem_conc>2</metadato_tem_conc>
<metadato_tempo>Jan,28,2021 045532 PM</metadato_tempo>
</metadato>
<metadato>
<metadato_cors_identif>3</metadato_cors_identif>
<metadato_cors_nom>Cinema neorealista italiano</metadato_cors_nom>
<metadato_cors_sect_identif>48</metadato_cors_sect_identif>
<metadato_prerequisiti>nessun metadato presente</metadato_prerequisiti>
<metadato_conosc_acquisite>nessuna scelta</metadato_conosc_acquisite>
<metadato_name>sciuscia1</metadato_name>
<metadato_learning_style_1>1</metadato_learning_style_1>
<metadato_learning_style_2>1</metadato_learning_style_2>
<metadato_learning_style_3>1</metadato_learning_style_3>
<metadato_learning_style_4>1</metadato_learning_style_4>
<metadato_tem_conc>1</metadato_tem_conc>
<metadato_tempo>Jan,28,2021 045620 PM</metadato_tempo>
</metadato>
<metadato>
<metadato_cors_identif>3</metadato_cors_identif>
<metadato_cors_nom>Cinema neorealista italiano</metadato_cors_nom>
<metadato_cors_sect_identif>48</metadato_cors_sect_identif>
<metadato_prerequisiti>sciuscia1</metadato_prerequisiti>
<metadato_conosc_acquisite>nessuna scelta</metadato_conosc_acquisite>
<metadato_name>sciuscia2</metadato_name>
<metadato_learning_style_1>2</metadato_learning_style_1>
<metadato_learning_style_2>2</metadato_learning_style_2>
<metadato_learning_style_3>2</metadato_learning_style_3>
<metadato_learning_style_4>2</metadato_learning_style_4>
<metadato_tem_conc>2</metadato_tem_conc>
<metadato_tempo>Jan,28,2021 045706 PM</metadato_tempo>
</metadato>
<metadato>
<metadato_cors_identif>3</metadato_cors_identif>
<metadato_cors_nom>Cinema neorealista italiano</metadato_cors_nom>
<metadato_cors_sect_identif>49</metadato_cors_sect_identif>
<metadato_prerequisiti>nessuna scelta</metadato_prerequisiti>
<metadato_conosc_acquisite>nessuna scelta</metadato_conosc_acquisite>
<metadato_name>rossellini2</metadato_name>
<metadato_learning_style_1>2</metadato_learning_style_1>
<metadato_learning_style_2>2</metadato_learning_style_2>
<metadato_learning_style_3>2</metadato_learning_style_3>
<metadato_learning_style_4>2</metadato_learning_style_4>
<metadato_tem_conc>2</metadato_tem_conc>
<metadato_tempo>Jan,28,2021 045807 PM</metadato_tempo>
</metadato>
<metadato>
<metadato_cors_identif>3</metadato_cors_identif>
<metadato_cors_nom>Cinema neorealista italiano</metadato_cors_nom>
<metadato_cors_sect_identif>48</metadato_cors_sect_identif>
<metadato_prerequisiti>nessun metadato presente</metadato_prerequisiti>
<metadato_conosc_acquisite>nessuna scelta</metadato_conosc_acquisite>
<metadato_name>sciuscia1</metadato_name>
<metadato_learning_style_1>1</metadato_learning_style_1>
<metadato_learning_style_2>1</metadato_learning_style_2>
<metadato_learning_style_3>1</metadato_learning_style_3>
<metadato_learning_style_4>1</metadato_learning_style_4>
<metadato_tem_conc>1</metadato_tem_conc>
<metadato_tempo>Jan,28,2021 045943 PM</metadato_tempo>
</metadato>
<metadato>
<metadato_cors_identif>3</metadato_cors_identif>
<metadato_cors_nom>Cinema neorealista italiano</metadato_cors_nom>
<metadato_cors_sect_identif>48</metadato_cors_sect_identif>
<metadato_prerequisiti>sciuscia1</metadato_prerequisiti>
<metadato_conosc_acquisite>nessuna scelta</metadato_conosc_acquisite>
<metadato_name>thematics1</metadato_name>
<metadato_learning_style_1>1</metadato_learning_style_1>
<metadato_learning_style_2>1</metadato_learning_style_2>
<metadato_learning_style_3>1</metadato_learning_style_3>
<metadato_learning_style_4>1</metadato_learning_style_4>
<metadato_tem_conc>1</metadato_tem_conc>
<metadato_tempo>Jan,28,2021 050024 PM</metadato_tempo>
</metadato>
<metadato>
<metadato_cors_identif>3</metadato_cors_identif>
<metadato_cors_nom>Cinema neorealista italiano</metadato_cors_nom>
<metadato_cors_sect_identif>49</metadato_cors_sect_identif>
<metadato_prerequisiti>nessun metadato presente</metadato_prerequisiti>
<metadato_conosc_acquisite>nessuna scelta</metadato_conosc_acquisite>
<metadato_name>sciuscia2</metadato_name>
<metadato_learning_style_1>1</metadato_learning_style_1>
<metadato_learning_style_2>1</metadato_learning_style_2>
<metadato_learning_style_3>1</metadato_learning_style_3>
<metadato_learning_style_4>1</metadato_learning_style_4>
<metadato_tem_conc>1</metadato_tem_conc>
<metadato_tempo>Jan,28,2021 050107 PM</metadato_tempo>
</metadato>
<metadato>
<metadato_cors_identif>3</metadato_cors_identif>
<metadato_cors_nom>Cinema neorealista italiano</metadato_cors_nom>
<metadato_cors_sect_identif>49</metadato_cors_sect_identif>
<metadato_prerequisiti>sciuscia2</metadato_prerequisiti>
<metadato_conosc_acquisite>nessuna scelta</metadato_conosc_acquisite>
<metadato_name>thematics2</metadato_name>
<metadato_learning_style_1>2</metadato_learning_style_1>
<metadato_learning_style_2>2</metadato_learning_style_2>
<metadato_learning_style_3>2</metadato_learning_style_3>
<metadato_learning_style_4>2</metadato_learning_style_4>
<metadato_tem_conc>1</metadato_tem_conc>
<metadato_tempo>Jan,28,2021 050135 PM</metadato_tempo>
</metadato>
<metadato>
<metadato_cors_identif>3</metadato_cors_identif>
<metadato_cors_nom>Cinema neorealista italiano</metadato_cors_nom>
<metadato_cors_sect_identif>56</metadato_cors_sect_identif>
<metadato_prerequisiti>nessun metadato presente</metadato_prerequisiti>
<metadato_conosc_acquisite>nessuna scelta</metadato_conosc_acquisite>
<metadato_name>paisa3</metadato_name>
<metadato_learning_style_1>1</metadato_learning_style_1>
<metadato_learning_style_2>1</metadato_learning_style_2>
<metadato_learning_style_3>1</metadato_learning_style_3>
<metadato_learning_style_4>1</metadato_learning_style_4>
<metadato_tem_conc>1</metadato_tem_conc>
<metadato_tempo>Jan,28,2021 050226 PM</metadato_tempo>
</metadato>
<metadato>
<metadato_cors_identif>3</metadato_cors_identif>
<metadato_cors_nom>Cinema neorealista italiano</metadato_cors_nom>
<metadato_cors_sect_identif>56</metadato_cors_sect_identif>
<metadato_prerequisiti>paisa3</metadato_prerequisiti>
<metadato_conosc_acquisite>nessuna scelta</metadato_conosc_acquisite>
<metadato_name>rossellini3</metadato_name>
<metadato_learning_style_1>2</metadato_learning_style_1>
<metadato_learning_style_2>2</metadato_learning_style_2>
<metadato_learning_style_3>2</metadato_learning_style_3>
<metadato_learning_style_4>2</metadato_learning_style_4>
<metadato_tem_conc>2</metadato_tem_conc>
<metadato_tempo>Jan,28,2021 050258 PM</metadato_tempo>
</metadato>
<metadato>
<metadato_cors_identif>3</metadato_cors_identif>
<metadato_cors_nom>Cinema neorealista italiano</metadato_cors_nom>
<metadato_cors_sect_identif>58</metadato_cors_sect_identif>
<metadato_prerequisiti>nessun metadato presente</metadato_prerequisiti>
<metadato_conosc_acquisite>nessuna scelta</metadato_conosc_acquisite>
<metadato_name>sciuscia4</metadato_name>
<metadato_learning_style_1>1</metadato_learning_style_1>
<metadato_learning_style_2>1</metadato_learning_style_2>
<metadato_learning_style_3>1</metadato_learning_style_3>
<metadato_learning_style_4>1</metadato_learning_style_4>
<metadato_tem_conc>1</metadato_tem_conc>
<metadato_tempo>Jan,28,2021 050337 PM</metadato_tempo>
</metadato>
<metadato>
<metadato_cors_identif>3</metadato_cors_identif>
<metadato_cors_nom>Cinema neorealista italiano</metadato_cors_nom>
<metadato_cors_sect_identif>58</metadato_cors_sect_identif>
<metadato_prerequisiti>sciuscia4</metadato_prerequisiti>
<metadato_conosc_acquisite>nessuna scelta</metadato_conosc_acquisite>
<metadato_name>rossellini4</metadato_name>
<metadato_learning_style_1>2</metadato_learning_style_1>
<metadato_learning_style_2>2</metadato_learning_style_2>
<metadato_learning_style_3>2</metadato_learning_style_3>
<metadato_learning_style_4>2</metadato_learning_style_4>
<metadato_tem_conc>1</metadato_tem_conc>
<metadato_tempo>Jan,28,2021 050400 PM</metadato_tempo>
</metadato>
<metadato>
<metadato_cors_identif>3</metadato_cors_identif>
<metadato_cors_nom>Cinema neorealista italiano</metadato_cors_nom>
<metadato_cors_sect_identif>48</metadato_cors_sect_identif>
<metadato_prerequisiti>nessuna scelta</metadato_prerequisiti>
<metadato_conosc_acquisite>nessuna scelta</metadato_conosc_acquisite>
<metadato_name>rossellini</metadato_name>
<metadato_learning_style_1>3</metadato_learning_style_1>
<metadato_learning_style_2>3</metadato_learning_style_2>
<metadato_learning_style_3>3</metadato_learning_style_3>
<metadato_learning_style_4>3</metadato_learning_style_4>
<metadato_tem_conc>1</metadato_tem_conc>
<metadato_tempo>Jan,28,2021 050438 PM</metadato_tempo>
</metadato>
<metadato>
<metadato_cors_identif>3</metadato_cors_identif>
<metadato_cors_nom>Cinema neorealista italiano</metadato_cors_nom>
<metadato_cors_sect_identif>48</metadato_cors_sect_identif>
<metadato_prerequisiti>sciuscia1,thematics1,rossellini</metadato_prerequisiti>
<metadato_conosc_acquisite>nessuna scelta</metadato_conosc_acquisite>
<metadato_name>roma_citta_aperta</metadato_name>
<metadato_learning_style_1>2</metadato_learning_style_1>
<metadato_learning_style_2>1</metadato_learning_style_2>
<metadato_learning_style_3>2</metadato_learning_style_3>
<metadato_learning_style_4>2</metadato_learning_style_4>
<metadato_tem_conc>2</metadato_tem_conc>
<metadato_tempo>Jan,28,2021 050505 PM</metadato_tempo>
</metadato>
<metadato>
<metadato_cors_identif>3</metadato_cors_identif>
<metadato_cors_nom>Cinema neorealista italiano</metadato_cors_nom>
<metadato_cors_sect_identif>49</metadato_cors_sect_identif>
<metadato_prerequisiti>sciuscia2,thematics2</metadato_prerequisiti>
<metadato_conosc_acquisite>nessuna scelta</metadato_conosc_acquisite>
<metadato_name>rossellini2</metadato_name>
<metadato_learning_style_1>3</metadato_learning_style_1>
<metadato_learning_style_2>3</metadato_learning_style_2>
<metadato_learning_style_3>3</metadato_learning_style_3>
<metadato_learning_style_4>3</metadato_learning_style_4>
<metadato_tem_conc>3</metadato_tem_conc>
<metadato_tempo>Jan,28,2021 050608 PM</metadato_tempo>
</metadato>
</metadatos>
