<?xml version="1.0" encoding="UTF-8"?>
<metadatos>
<metadato>
<metadato_cors_identif>3</metadato_cors_identif>
<metadato_cors_nom>Cinema neorealista italiano</metadato_cors_nom>
<metadato_cors_sect_identif>48</metadato_cors_sect_identif>
<metadato_prerequisiti>nessun metadato presente</metadato_prerequisiti>
<metadato_conosc_acquisite>nessuna scelta</metadato_conosc_acquisite>
<metadato_name>sciuscia</metadato_name>
<metadato_learning_style_1>2</metadato_learning_style_1>
<metadato_learning_style_2>2</metadato_learning_style_2>
<metadato_learning_style_3>2</metadato_learning_style_3>
<metadato_learning_style_4>2</metadato_learning_style_4>
<metadato_tem_conc>1</metadato_tem_conc>
<metadato_tempo>Jan,28,2021 112805 AM</metadato_tempo>
</metadato>
<metadato>
<metadato_cors_identif>3</metadato_cors_identif>
<metadato_cors_nom>Cinema neorealista italiano</metadato_cors_nom>
<metadato_cors_sect_identif>48</metadato_cors_sect_identif>
<metadato_prerequisiti>nessun metadato presente</metadato_prerequisiti>
<metadato_conosc_acquisite>nessuna scelta</metadato_conosc_acquisite>
<metadato_name>sciuscia</metadato_name>
<metadato_learning_style_1>2</metadato_learning_style_1>
<metadato_learning_style_2>2</metadato_learning_style_2>
<metadato_learning_style_3>2</metadato_learning_style_3>
<metadato_learning_style_4>2</metadato_learning_style_4>
<metadato_tem_conc>1</metadato_tem_conc>
<metadato_tempo>Jan,28,2021 113040 AM</metadato_tempo>
</metadato>
</metadatos>
